Source name,Source site,start year,end year,sample frequency,temporal resolution,Region,County,Watershed,Waterbody,Latitude,Longitude,Spatial extent,spatial resolution,Type of measurment,open access,comments
CDEC,https://cdec.water.ca.gov/dynamicapp/staMeta?station_id=130,2011,2022,hourly,,SAN JOAQUIN R,FRESNO,,130,-120.539028,37.023313,,,logger,yes,
CDEC,https://cdec.water.ca.gov/dynamicapp/staMeta?station_id=131,2011,2016,hourly,,SAN JOAQUIN R,FRESNO,,142,-120.6829,37.1861,,,logger,yes,
CDEC,https://cdec.water.ca.gov/dynamicapp/staMeta?station_id=132,2019,2022,hourly,,SAN JOAQUIN R,FRESNO,,225,-120.539028,37.023313,,,logger,yes,
CDEC,https://cdec.water.ca.gov/dynamicapp/staMeta?station_id=133,2016,2022,hourly,,SAN JOAQUIN R,FRESNO,,49B,-120.2702,36.7712,,,logger,yes,
CDEC,https://cdec.water.ca.gov/dynamicapp/staMeta?station_id=134,2020,2022,event,,ALAMEDA CR,SANTA CLARA,,ACD,-121.773567,37.497437,,,logger,yes,
CDEC,https://cdec.water.ca.gov/dynamicapp/staMeta?station_id=135,1998,2022,hourly,,AMERICAN R,SACRAMENTO,,AFD,-121.1667,38.6883,,,logger,yes,
CDEC,https://cdec.water.ca.gov/dynamicapp/staMeta?station_id=136,1998,2022,event,,AMERICAN R,SACRAMENTO,,AFO,-121.22773,38.63546,,,logger,yes,
CDEC,https://cdec.water.ca.gov/dynamicapp/staMeta?station_id=137,2001,2020,event,,AMERICAN R,SACRAMENTO,,AHZ,-121.224,38.636,,,logger,yes,
CDEC,https://cdec.water.ca.gov/dynamicapp/staMeta?station_id=138,2007,2008,hourly,,AMERICAN R,SACRAMENTO,,AHZ,-121.224,38.636,,,logger,yes,
CDEC,https://cdec.water.ca.gov/dynamicapp/staMeta?station_id=139,2007,2022,event,,ALAMEDA CR,ALAMEDA,,ALN,-121.960793,37.587158,,,logger,yes,
CDEC,https://cdec.water.ca.gov/dynamicapp/staMeta?station_id=140,1999,2018,hourly,,DELTA,CONTRA COSTA,,ANC,-121.802965,38.017817,,,logger,yes,
CDEC,https://cdec.water.ca.gov/dynamicapp/staMeta?station_id=141,2015,2022,event,,SACRAMENTO R,SHASTA,,AND,-122.29536,40.471333,,,logger,yes,
CDEC,https://cdec.water.ca.gov/dynamicapp/staMeta?station_id=142,2002,2022,daily,,SAN JOAQUIN R,CONTRA COSTA,,ANH,-121.802963,38.01783,,,logger,yes,
CDEC,https://cdec.water.ca.gov/dynamicapp/staMeta?station_id=143,1995,2022,hourly,,SAN JOAQUIN R,CONTRA COSTA,,ANH,-121.802963,38.01783,,,logger,yes,
CDEC,https://cdec.water.ca.gov/dynamicapp/staMeta?station_id=144,2007,2022,hourly,,AMERICAN R,SACRAMENTO,,AWB,-121.387,38.567,,,logger,yes,
CDEC,https://cdec.water.ca.gov/dynamicapp/staMeta?station_id=145,1998,2022,event,,AMERICAN R,SACRAMENTO,,AWB,-121.387,38.567,,,logger,yes,
CDEC,https://cdec.water.ca.gov/dynamicapp/staMeta?station_id=146,2001,2022,event,,AMERICAN R,SACRAMENTO,,AWP,-121.332,38.591,,,logger,yes,
CDEC,https://cdec.water.ca.gov/dynamicapp/staMeta?station_id=147,2015,2015,hourly,,BUTTE CR,BUTTE,,B01,-121.787979,39.511768,,,logger,yes,
CDEC,https://cdec.water.ca.gov/dynamicapp/staMeta?station_id=148,2015,2015,hourly,,BUTTE CR,BUTTE,,B02,-121.787979,39.511768,,,logger,yes,
CDEC,https://cdec.water.ca.gov/dynamicapp/staMeta?station_id=149,2015,2015,hourly,,BUTTE CR,BUTTE,,B03,-121.787979,39.511768,,,logger,yes,
CDEC,https://cdec.water.ca.gov/dynamicapp/staMeta?station_id=150,2015,2015,hourly,,BUTTE CR,BUTTE,,B04,-121.70258,39.581272,,,logger,yes,
CDEC,https://cdec.water.ca.gov/dynamicapp/staMeta?station_id=151,2015,2015,hourly,,BUTTE CR,BUTTE,,B05,-121.70258,39.581272,,,logger,yes,
CDEC,https://cdec.water.ca.gov/dynamicapp/staMeta?station_id=152,2015,2015,hourly,,BUTTE CR,BUTTE,,B06,-121.70258,39.581272,,,logger,yes,
CDEC,https://cdec.water.ca.gov/dynamicapp/staMeta?station_id=153,2015,2015,hourly,,BUTTE CR,BUTTE,,B07,-121.814422,39.673446,,,logger,yes,
CDEC,https://cdec.water.ca.gov/dynamicapp/staMeta?station_id=154,2015,2015,hourly,,BUTTE CR,BUTTE,,B08,-121.814422,39.673446,,,logger,yes,
CDEC,https://cdec.water.ca.gov/dynamicapp/staMeta?station_id=155,2015,2015,hourly,,BUTTE CR,BUTTE,,B09,-121.814422,39.673446,,,logger,yes,
CDEC,https://cdec.water.ca.gov/dynamicapp/staMeta?station_id=156,2008,2022,hourly,,DELTA,SAN JOAQUIN,,BAC,-121.572174,37.969345,,,logger,yes,
CDEC,https://cdec.water.ca.gov/dynamicapp/staMeta?station_id=157,2000,2022,hourly,,SACRAMENTO R,TEHAMA,,BAS,-121.980675,40.405804,,,logger,yes,
CDEC,https://cdec.water.ca.gov/dynamicapp/staMeta?station_id=158,2010,2022,event,,SACRAMENTO R,TEHAMA,,BBQ,-122.3239,39.8186,,,logger,yes,
CDEC,https://cdec.water.ca.gov/dynamicapp/staMeta?station_id=159,2013,2022,event,,BUTTE CR,BUTTE,,BBW,-121.610329,39.885731,,,logger,yes,
CDEC,https://cdec.water.ca.gov/dynamicapp/staMeta?station_id=160,1998,2022,hourly,,BUTTE CR,BUTTE,,BBW,-121.610329,39.885731,,,logger,yes,
CDEC,https://cdec.water.ca.gov/dynamicapp/staMeta?station_id=161,1998,2022,hourly,,BUTTE CR,BUTTE,,BCD,-121.777481,39.678013,,,logger,yes,
CDEC,https://cdec.water.ca.gov/dynamicapp/staMeta?station_id=162,1998,2022,hourly,,BUTTE CR,BUTTE,,BCK,-121.708862,39.725994,,,logger,yes,
CDEC,https://cdec.water.ca.gov/dynamicapp/staMeta?station_id=163,2010,2022,event,,CHOWCHILLA R,MADERA,,BCQ,-119.9903,37.2156,,,logger,yes,
CDEC,https://cdec.water.ca.gov/dynamicapp/staMeta?station_id=164,2008,2022,hourly,,SACRAMENTO R,SOLANO,,BDL,-121.9708,38.1869,,,logger,yes,
CDEC,https://cdec.water.ca.gov/dynamicapp/staMeta?station_id=165,2005,2022,event,,SAN JOAQUIN R,SAN JOAQUIN,,BDT,-121.3231,37.865,,,logger,yes,
CDEC,https://cdec.water.ca.gov/dynamicapp/staMeta?station_id=166,2006,2022,event,,DELTA,CONTRA COSTA,,BET,-121.632187,38.041092,,,logger,yes,
CDEC,https://cdec.water.ca.gov/dynamicapp/staMeta?station_id=167,1998,2014,hourly,,SACRAMENTO R,BUTTE,,BIC,-121.778603,39.768417,,,logger,yes,
CDEC,https://cdec.water.ca.gov/dynamicapp/staMeta?station_id=168,2018,2022,event,,SAN JOAQUIN R,SAN JOAQUIN,,BIR,-121.53389,37.943056,,,logger,yes,
CDEC,https://cdec.water.ca.gov/dynamicapp/staMeta?station_id=169,1989,2022,daily,,DELTA,SOLANO,,BKS,-121.7965,38.2759,,,logger,yes,
CDEC,https://cdec.water.ca.gov/dynamicapp/staMeta?station_id=170,1989,2022,hourly,,DELTA,SOLANO,,BKS,-121.7965,38.2759,,,logger,yes,
CDEC,https://cdec.water.ca.gov/dynamicapp/staMeta?station_id=171,2009,2019,event,,SACRAMENTO R,SOLANO,,BLL,-121.9069,38.1801,,,logger,yes,
CDEC,https://cdec.water.ca.gov/dynamicapp/staMeta?station_id=172,2005,2019,hourly,,SACRAMENTO R,SOLANO,,BLL,-121.9069,38.1801,,,logger,yes,
CDEC,https://cdec.water.ca.gov/dynamicapp/staMeta?station_id=173,2010,2022,event,,DELTA,CONTRA COSTA,,BLP,-121.71904,38.032452,,,logger,yes,
CDEC,https://cdec.water.ca.gov/dynamicapp/staMeta?station_id=174,1989,2022,hourly,,SACRAMENTO R,TEHAMA,,BND,-122.186661,40.288486,,,logger,yes,
CDEC,https://cdec.water.ca.gov/dynamicapp/staMeta?station_id=175,1999,2022,hourly,,SACRAMENTO R,TEHAMA,,BNF,-121.986946,40.424332,,,logger,yes,
CDEC,https://cdec.water.ca.gov/dynamicapp/staMeta?station_id=176,2013,2017,event,,BEAR R,PLACER,,BRE,-120.953,39.133,,,logger,yes,
CDEC,https://cdec.water.ca.gov/dynamicapp/staMeta?station_id=177,1990,2022,hourly,,SACRAMENTO R,TEHAMA,,BSF,-122.193,40.417,,,logger,yes,
CDEC,https://cdec.water.ca.gov/dynamicapp/staMeta?station_id=178,1998,2012,hourly,,SACRAMENTO R,SUTTER,,BSO,-121.936569,39.19516,,,logger,yes,
CDEC,https://cdec.water.ca.gov/dynamicapp/staMeta?station_id=179,1999,2012,hourly,,BUTTE CR,BUTTE,,BTG,-121.892662,39.361801,,,logger,yes,
CDEC,https://cdec.water.ca.gov/dynamicapp/staMeta?station_id=180,1998,2012,hourly,,BUTTE CR,BUTTE,,BWC,-121.83651,39.555721,,,logger,yes,
CDEC,https://cdec.water.ca.gov/dynamicapp/staMeta?station_id=181,1990,2002,daily,,SAN JOAQUIN R,MERCED,,C12,-121.058,37.118,,,logger,yes,
CDEC,https://cdec.water.ca.gov/dynamicapp/staMeta?station_id=182,1990,2002,hourly,,SAN JOAQUIN R,MERCED,,C12,-121.058,37.118,,,logger,yes,
CDEC,https://cdec.water.ca.gov/dynamicapp/staMeta?station_id=183,2009,2022,daily,,SAN JOAQUIN R,MERCED,,C13,-121.0151,37.0742,,,logger,yes,
CDEC,https://cdec.water.ca.gov/dynamicapp/staMeta?station_id=184,2009,2022,hourly,,SAN JOAQUIN R,MERCED,,C13,-121.0151,37.0742,,,logger,yes,
CDEC,https://cdec.water.ca.gov/dynamicapp/staMeta?station_id=185,1990,2002,daily,,KINGS R,FRESNO,,C18,-120.229,36.326,,,logger,yes,
CDEC,https://cdec.water.ca.gov/dynamicapp/staMeta?station_id=186,1990,2002,hourly,,KINGS R,FRESNO,,C18,-120.229,36.326,,,logger,yes,
CDEC,https://cdec.water.ca.gov/dynamicapp/staMeta?station_id=187,1990,2009,daily,,KINGS R,KINGS,,C21,-119.9769,36.0142,,,logger,yes,
CDEC,https://cdec.water.ca.gov/dynamicapp/staMeta?station_id=188,1990,2009,hourly,,KINGS R,KINGS,,C21,-119.9769,36.0142,,,logger,yes,
CDEC,https://cdec.water.ca.gov/dynamicapp/staMeta?station_id=189,2022,2022,event,,DELTA,CONTRA COSTA,,C24,-121.954292,38.055096,,,logger,yes,
CDEC,https://cdec.water.ca.gov/dynamicapp/staMeta?station_id=190,1990,2016,daily,,KERN R,KERN,,C29,-119.3299,35.232,,,logger,yes,
CDEC,https://cdec.water.ca.gov/dynamicapp/staMeta?station_id=191,1990,2016,hourly,,KERN R,KERN,,C29,-119.3299,35.232,,,logger,yes,
CDEC,https://cdec.water.ca.gov/dynamicapp/staMeta?station_id=192,2022,2022,event,,DELTA,CONTRA COSTA,,C31,-121.88755,38.04953,,,logger,yes,
CDEC,https://cdec.water.ca.gov/dynamicapp/staMeta?station_id=193,1993,2022,daily,,MOJAVE R,KERN,,C41,-118.7119,34.834,,,logger,yes,
CDEC,https://cdec.water.ca.gov/dynamicapp/staMeta?station_id=194,1993,2022,hourly,,MOJAVE R,KERN,,C41,-118.7119,34.834,,,logger,yes,
CDEC,https://cdec.water.ca.gov/dynamicapp/staMeta?station_id=195,2022,2022,event,,SAN JOAQUIN R,SACRAMENTO,,C42,-121.602684,38.100655,,,logger,yes,
CDEC,https://cdec.water.ca.gov/dynamicapp/staMeta?station_id=196,2003,2022,daily,,MOJAVE R,SAN BERNARDINO,,C66,-117.3036,34.336,,,logger,yes,
CDEC,https://cdec.water.ca.gov/dynamicapp/staMeta?station_id=197,2003,2022,hourly,,MOJAVE R,SAN BERNARDINO,,C66,-117.3036,34.336,,,logger,yes,
CDEC,https://cdec.water.ca.gov/dynamicapp/staMeta?station_id=198,2006,2022,event,,TUOLUMNE R,TUOLUMNE,,CBD,-119.969902,37.890202,,,logger,yes,
CDEC,https://cdec.water.ca.gov/dynamicapp/staMeta?station_id=199,2006,2022,event,,TUOLUMNE R,TUOLUMNE,,CBV,-119.917404,37.967701,,,logger,yes,
CDEC,https://cdec.water.ca.gov/dynamicapp/staMeta?station_id=200,1997,2022,hourly,,SACRAMENTO R,SHASTA,,CCR,-122.356,40.538,,,logger,yes,
CDEC,https://cdec.water.ca.gov/dynamicapp/staMeta?station_id=201,1999,2015,hourly,,DELTA,SOLANO,,CCS,-121.742,38.2918,,,logger,yes,
CDEC,https://cdec.water.ca.gov/dynamicapp/staMeta?station_id=202,2010,2022,event,,RUSSIAN R,MENDOCINO,,CDM,-123.1864,39.1975,,,logger,yes,
CDEC,https://cdec.water.ca.gov/dynamicapp/staMeta?station_id=203,2008,2022,event,,TUOLUMNE R,TUOLUMNE,,CEI,-119.962685,37.894367,,,logger,yes,
CDEC,https://cdec.water.ca.gov/dynamicapp/staMeta?station_id=204,1988,2022,daily,,DELTA,CONTRA COSTA,,CLC,-121.5574,37.8298,,,logger,yes,
CDEC,https://cdec.water.ca.gov/dynamicapp/staMeta?station_id=205,2009,2022,hourly,,DELTA,CONTRA COSTA,,CLC,-121.5574,37.8298,,,logger,yes,
CDEC,https://cdec.water.ca.gov/dynamicapp/staMeta?station_id=206,1999,2022,hourly,,DELTA,SOLANO,,CLL,-121.850123,38.073981,,,logger,yes,
CDEC,https://cdec.water.ca.gov/dynamicapp/staMeta?station_id=207,2001,2011,hourly,,STANISLAUS R,TUOLUMNE,,CLP,-120.378,38.143,,,logger,yes,
CDEC,https://cdec.water.ca.gov/dynamicapp/staMeta?station_id=208,2002,2008,event,,CARMEL R,MONTEREY,,CML,-121.874,36.539,,,logger,yes,
CDEC,https://cdec.water.ca.gov/dynamicapp/staMeta?station_id=209,1999,2022,hourly,,DELTA,CONTRA COSTA,,CNT,-121.702809,37.99495,,,logger,yes,
CDEC,https://cdec.water.ca.gov/dynamicapp/staMeta?station_id=210,1990,2022,daily,,DELTA,SOLANO,,CPP,-122.1347,38.2276,,,logger,yes,
CDEC,https://cdec.water.ca.gov/dynamicapp/staMeta?station_id=211,1990,2022,hourly,,DELTA,SOLANO,,CPP,-122.1347,38.2276,,,logger,yes,
CDEC,https://cdec.water.ca.gov/dynamicapp/staMeta?station_id=212,2000,2022,daily,,MERCED R,MERCED,,CRS,-120.663,37.425,,,logger,yes,
CDEC,https://cdec.water.ca.gov/dynamicapp/staMeta?station_id=213,2000,2022,hourly,,MERCED R,MERCED,,CRS,-120.663,37.425,,,logger,yes,
CDEC,https://cdec.water.ca.gov/dynamicapp/staMeta?station_id=214,2009,2022,hourly,,DELTA,SOLANO,,CSE,-121.8501,38.074,,,logger,yes,
CDEC,https://cdec.water.ca.gov/dynamicapp/staMeta?station_id=215,2000,2022,daily,,SANTA CLARA R,LOS ANGELES,,CSO,-118.611,34.527,,,logger,yes,
CDEC,https://cdec.water.ca.gov/dynamicapp/staMeta?station_id=216,2000,2022,hourly,,SANTA CLARA R,LOS ANGELES,,CSO,-118.611,34.527,,,logger,yes,
CDEC,https://cdec.water.ca.gov/dynamicapp/staMeta?station_id=217,2009,2022,event,,DELTA,SOLANO,,CYG,-122.0908,38.1527,,,logger,yes,
CDEC,https://cdec.water.ca.gov/dynamicapp/staMeta?station_id=218,1998,2004,hourly,,SACRAMENTO R,TEHAMA,,DCH,-121.451057,40.26469,,,logger,yes,
CDEC,https://cdec.water.ca.gov/dynamicapp/staMeta?station_id=219,1998,2022,hourly,,SACRAMENTO R,TEHAMA,,DCV,-121.948318,40.014046,,,logger,yes,
CDEC,https://cdec.water.ca.gov/dynamicapp/staMeta?station_id=220,1992,2022,hourly,,TRINITY R,TRINITY,,DGC,-122.956665,40.645279,,,logger,yes,
CDEC,https://cdec.water.ca.gov/dynamicapp/staMeta?station_id=221,2006,2022,event,,SAN JOAQUIN R,SAN JOAQUIN,,DGL,-121.425,37.815,,,logger,yes,
CDEC,https://cdec.water.ca.gov/dynamicapp/staMeta?station_id=222,2009,2022,event,,SACRAMENTO R,SACRAMENTO,,DLC,-121.505,38.245,,,logger,yes,
CDEC,https://cdec.water.ca.gov/dynamicapp/staMeta?station_id=223,2018,2022,hourly,,SACRAMENTO R,SACRAMENTO,,DLC,-121.505,38.245,,,logger,yes,
CDEC,https://cdec.water.ca.gov/dynamicapp/staMeta?station_id=224,1989,2022,hourly,,SACRAMENTO R,SHASTA,,DLT,-122.417236,40.939594,,,logger,yes,
CDEC,https://cdec.water.ca.gov/dynamicapp/staMeta?station_id=225,1999,2022,hourly,,SAN JOAQUIN R,FRESNO,,DM2,-120.439097,36.829918,,,logger,yes,
CDEC,https://cdec.water.ca.gov/dynamicapp/staMeta?station_id=226,1999,2022,hourly,,SAN JOAQUIN R,FRESNO,,DM3,-120.372473,36.780899,,,logger,yes,
CDEC,https://cdec.water.ca.gov/dynamicapp/staMeta?station_id=227,1999,2022,hourly,,DELTA,ALAMEDA,,DMC,-121.590239,37.781567,,,logger,yes,
CDEC,https://cdec.water.ca.gov/dynamicapp/staMeta?station_id=228,2004,2022,event,,SAN JOAQUIN R,MADERA,,DNB,-119.9658,36.8335,,,logger,yes,
CDEC,https://cdec.water.ca.gov/dynamicapp/staMeta?station_id=229,2004,2011,event,,SAN JOAQUIN R,STANISLAUS,,DPC,-121.2081,37.4867,,,logger,yes,
CDEC,https://cdec.water.ca.gov/dynamicapp/staMeta?station_id=230,2009,2022,event,,SAN JOAQUIN R,CONTRA COSTA,,DSJ,-121.671,38.013,,,logger,yes,
CDEC,https://cdec.water.ca.gov/dynamicapp/staMeta?station_id=231,1994,2022,daily,,EAST BAY,ALAMEDA,,DV7,-121.7419,37.6547,,,logger,yes,
CDEC,https://cdec.water.ca.gov/dynamicapp/staMeta?station_id=232,1994,2022,hourly,,EAST BAY,ALAMEDA,,DV7,-121.7419,37.6547,,,logger,yes,
CDEC,https://cdec.water.ca.gov/dynamicapp/staMeta?station_id=233,1993,2010,daily,,SANTA ANA R,SAN BERNARDINO,,DVC,-117.3307,34.2235,,,logger,yes,
CDEC,https://cdec.water.ca.gov/dynamicapp/staMeta?station_id=234,1993,2010,hourly,,SANTA ANA R,SAN BERNARDINO,,DVC,-117.3307,34.2235,,,logger,yes,
CDEC,https://cdec.water.ca.gov/dynamicapp/staMeta?station_id=235,1997,2022,hourly,,SACRAMENTO R,TEHAMA,,DVD,-122.034363,39.963615,,,logger,yes,
CDEC,https://cdec.water.ca.gov/dynamicapp/staMeta?station_id=236,2011,2022,event,,SACRAMENTO R,YOLO,,DWS,-121.66667,38.25611,,,logger,yes,
CDEC,https://cdec.water.ca.gov/dynamicapp/staMeta?station_id=237,2013,2022,daily,,SAN JOAQUIN R,MERCED,,EBM,-120.6981,37.205,,,logger,yes,
CDEC,https://cdec.water.ca.gov/dynamicapp/staMeta?station_id=238,2006,2022,event,,TUOLUMNE R,TUOLUMNE,,ECK,-119.882126,37.96909,,,logger,yes,
CDEC,https://cdec.water.ca.gov/dynamicapp/staMeta?station_id=239,2007,2022,event,,SMITH R,DEL NORTE,,EFD,-124.1886,41.8428,,,logger,yes,
CDEC,https://cdec.water.ca.gov/dynamicapp/staMeta?station_id=240,1999,2022,hourly,,DELTA,SACRAMENTO,,EMM,-121.738924,38.084272,,,logger,yes,
CDEC,https://cdec.water.ca.gov/dynamicapp/staMeta?station_id=241,2018,2022,event,,MERCED R,MERCED,,EW3,-120.70306,37.4775,,,logger,yes,
CDEC,https://cdec.water.ca.gov/dynamicapp/staMeta?station_id=242,2013,2022,daily,,DELTA,CONTRA COSTA,,FAL,-121.6669,38.0558,,,logger,yes,
CDEC,https://cdec.water.ca.gov/dynamicapp/staMeta?station_id=243,2008,2022,event,,TRUCKEE R,NEVADA,,FAR,-120.034088,39.427963,,,logger,yes,
CDEC,https://cdec.water.ca.gov/dynamicapp/staMeta?station_id=244,2015,2022,daily,,SAN JOAQUIN R,SAN JOAQUIN,,FCT,-121.648838,38.067822,,,logger,yes,
CDEC,https://cdec.water.ca.gov/dynamicapp/staMeta?station_id=245,2004,2022,daily,,SAN JOAQUIN R,MERCED,,FFB,-120.931038,37.30994,,,logger,yes,
CDEC,https://cdec.water.ca.gov/dynamicapp/staMeta?station_id=246,2010,2022,event,,TUOLUMNE R,TUOLUMNE,,FHH,-119.7633,37.9708,,,logger,yes,
CDEC,https://cdec.water.ca.gov/dynamicapp/staMeta?station_id=247,2010,2022,event,,DELTA,SOLANO,,FLT,-122.102048,38.080379,,,logger,yes,
CDEC,https://cdec.water.ca.gov/dynamicapp/staMeta?station_id=248,2013,2023,event,,FEATHER R,BUTTE,,FOW,-121.6194,39.4025,,,logger,yes,
CDEC,https://cdec.water.ca.gov/dynamicapp/staMeta?station_id=249,2009,2018,event,,SACRAMENTO R,SACRAMENTO,,FPT,-121.5003,38.456112,,,logger,yes,
CDEC,https://cdec.water.ca.gov/dynamicapp/staMeta?station_id=250,2002,2022,daily,,FEATHER R,BUTTE,,FRA,-121.597,39.468,,,logger,yes,
CDEC,https://cdec.water.ca.gov/dynamicapp/staMeta?station_id=251,2018,2022,hourly,,FEATHER R,BUTTE,,FRA,-121.597,39.468,,,logger,yes,
CDEC,https://cdec.water.ca.gov/dynamicapp/staMeta?station_id=252,2015,2022,event,,DELTA,CONTRA COSTA,,FRK,-121.5981,38.046417,,,logger,yes,
CDEC,https://cdec.water.ca.gov/dynamicapp/staMeta?station_id=253,1999,2022,hourly,,DELTA,SAN JOAQUIN,,FRP,-121.639129,38.011698,,,logger,yes,
CDEC,https://cdec.water.ca.gov/dynamicapp/staMeta?station_id=254,2015,2022,event,,MERCED R,MARIPOSA,,FS1,-119.897264,37.655171,,,logger,yes,
CDEC,https://cdec.water.ca.gov/dynamicapp/staMeta?station_id=255,2015,2022,event,,MERCED R,MARIPOSA,,FS2,-119.900683,37.660086,,,logger,yes,
CDEC,https://cdec.water.ca.gov/dynamicapp/staMeta?station_id=256,2010,2022,hourly,,SAN JOAQUIN R,FRESNO,,FWQ,-119.7061,36.9993,,,logger,yes,
CDEC,https://cdec.water.ca.gov/dynamicapp/staMeta?station_id=257,2005,2018,event,,SAN JOAQUIN R,SAN JOAQUIN,,GCT,-121.44986,37.820145,,,logger,yes,
CDEC,https://cdec.water.ca.gov/dynamicapp/staMeta?station_id=258,2001,2011,hourly,,STANISLAUS R,TUOLUMNE,,GDC,-120.635,37.858,,,logger,yes,
CDEC,https://cdec.water.ca.gov/dynamicapp/staMeta?station_id=259,2009,2022,event,,SACRAMENTO R,SACRAMENTO,,GES,-121.5234,38.2389,,,logger,yes,
CDEC,https://cdec.water.ca.gov/dynamicapp/staMeta?station_id=260,2007,2022,event,,SAN JOAQUIN R,SAN JOAQUIN,,GLC,-121.5485,37.8196,,,logger,yes,
CDEC,https://cdec.water.ca.gov/dynamicapp/staMeta?station_id=261,2016,2022,hourly,,SAN JOAQUIN R,SAN JOAQUIN,,GLC,-121.5485,37.8196,,,logger,yes,
CDEC,https://cdec.water.ca.gov/dynamicapp/staMeta?station_id=262,2013,2022,event,,SAN JOAQUIN R,SAN JOAQUIN,,GLE,-121.434856,37.820258,,,logger,yes,
CDEC,https://cdec.water.ca.gov/dynamicapp/staMeta?station_id=263,1999,2004,hourly,,SACRAMENTO R,SACRAMENTO,,GLN,-121.546,38.345,,,logger,yes,
CDEC,https://cdec.water.ca.gov/dynamicapp/staMeta?station_id=264,1998,1999,event,,SACRAMENTO R,SACRAMENTO,,GLN,-121.546,38.345,,,logger,yes,
CDEC,https://cdec.water.ca.gov/dynamicapp/staMeta?station_id=265,2001,2011,hourly,,STANISLAUS R,STANISLAUS,,GMB,-120.888,37.772,,,logger,yes,
CDEC,https://cdec.water.ca.gov/dynamicapp/staMeta?station_id=266,1989,1995,hourly,,KAWEAH R,TULARE,,GNF,-118.765,36.562,,,logger,yes,
CDEC,https://cdec.water.ca.gov/dynamicapp/staMeta?station_id=267,2010,2022,hourly,,DELTA,SOLANO,,GOD,-122.0812,38.1238,,,logger,yes,
CDEC,https://cdec.water.ca.gov/dynamicapp/staMeta?station_id=268,2004,2022,hourly,,SAN JOAQUIN R,FRESNO,,GRF,-120.16,36.798,,,logger,yes,
CDEC,https://cdec.water.ca.gov/dynamicapp/staMeta?station_id=269,2003,2007,hourly,,FEATHER R,BUTTE,,GRL,-121.647369,39.366577,,,logger,yes,
CDEC,https://cdec.water.ca.gov/dynamicapp/staMeta?station_id=270,2020,2022,event,,FEATHER R,BUTTE,,GRL,-121.647369,39.366577,,,logger,yes,
CDEC,https://cdec.water.ca.gov/dynamicapp/staMeta?station_id=271,2009,2022,event,,SACRAMENTO R,SACRAMENTO,,GSS,-121.518,38.237,,,logger,yes,
CDEC,https://cdec.water.ca.gov/dynamicapp/staMeta?station_id=272,1999,2022,hourly,,TRINITY R,TRINITY,,GVI,-122.752,40.621,,,logger,yes,
CDEC,https://cdec.water.ca.gov/dynamicapp/staMeta?station_id=273,1999,2022,hourly,,TRINITY R,TRINITY,,GVO,-122.76,40.625,,,logger,yes,
CDEC,https://cdec.water.ca.gov/dynamicapp/staMeta?station_id=274,1994,2022,hourly,,DELTA,SOLANO,,GYS,-122.095,38.118,,,logger,yes,
CDEC,https://cdec.water.ca.gov/dynamicapp/staMeta?station_id=275,2018,2022,event,,DELTA,SOLANO,,GZB,-122.007582,38.123145,,,logger,yes,
CDEC,https://cdec.water.ca.gov/dynamicapp/staMeta?station_id=276,2015,2022,event,,DELTA,SOLANO,,GZL,-122.038117,38.12425,,,logger,yes,
CDEC,https://cdec.water.ca.gov/dynamicapp/staMeta?station_id=277,2020,2022,event,,DELTA,SOLANO,,GZM,-122.060196,38.141304,,,logger,yes,
CDEC,https://cdec.water.ca.gov/dynamicapp/staMeta?station_id=278,2005,2022,event,,SAN JOAQUIN R,MADERA,,H41,-119.7932,36.8762,,,logger,yes,
CDEC,https://cdec.water.ca.gov/dynamicapp/staMeta?station_id=279,1987,2009,daily,,DELTA,CONTRA COSTA,,HBP,-121.620278,37.801944,,,logger,yes,
CDEC,https://cdec.water.ca.gov/dynamicapp/staMeta?station_id=280,1987,2022,hourly,,DELTA,CONTRA COSTA,,HBP,-121.620278,37.801944,,,logger,yes,
CDEC,https://cdec.water.ca.gov/dynamicapp/staMeta?station_id=281,1998,2008,hourly,,RUSSIAN R,SONOMA,,HEA,-122.83638,38.613243,,,logger,yes,
CDEC,https://cdec.water.ca.gov/dynamicapp/staMeta?station_id=282,2010,2022,event,,FRESNO R,MADERA,,HIQ,-119.8869,37.1044,,,logger,yes,
CDEC,https://cdec.water.ca.gov/dynamicapp/staMeta?station_id=283,1999,2022,hourly,,DELTA,CONTRA COSTA,,HLL,-121.580617,38.006986,,,logger,yes,
CDEC,https://cdec.water.ca.gov/dynamicapp/staMeta?station_id=284,2016,2022,hourly,,SAN JOAQUIN R,SAN JOAQUIN,,HLT,-121.5108,38.0031,,,logger,yes,
CDEC,https://cdec.water.ca.gov/dynamicapp/staMeta?station_id=285,2006,2022,event,,SAN JOAQUIN R,SAN JOAQUIN,,HLT,-121.5108,38.0031,,,logger,yes,
CDEC,https://cdec.water.ca.gov/dynamicapp/staMeta?station_id=286,2006,2022,event,,SAN JOAQUIN R,SAN JOAQUIN,,HOL,-121.5819,38.0164,,,logger,yes,
CDEC,https://cdec.water.ca.gov/dynamicapp/staMeta?station_id=287,2013,2022,daily,,SAN JOAQUIN R,SAN JOAQUIN,,HOL,-121.5819,38.0164,,,logger,yes,
CDEC,https://cdec.water.ca.gov/dynamicapp/staMeta?station_id=288,2015,2022,event,,DELTA,SOLANO,,HON,-121.9392,38.0724,,,logger,yes,
CDEC,https://cdec.water.ca.gov/dynamicapp/staMeta?station_id=289,2008,2009,event,,RUSSIAN R,MENDOCINO,,HOP,-123.130562,39.026562,,,logger,yes,
CDEC,https://cdec.water.ca.gov/dynamicapp/staMeta?station_id=290,1998,2022,hourly,,TRINITY R,HUMBOLDT,,HPA,-123.673668,41.04985,,,logger,yes,
CDEC,https://cdec.water.ca.gov/dynamicapp/staMeta?station_id=291,2019,2022,event,,DELTA,SOLANO,,HSL,-122.024,38.2222,,,logger,yes,
CDEC,https://cdec.water.ca.gov/dynamicapp/staMeta?station_id=292,2004,2018,event,,SAN JOAQUIN R,STANISLAUS,,HSP,-121.2308,37.6105,,,logger,yes,
CDEC,https://cdec.water.ca.gov/dynamicapp/staMeta?station_id=293,2018,2022,hourly,,DELTA,SOLANO,,HUN,-122.0527,38.156,,,logger,yes,
CDEC,https://cdec.water.ca.gov/dynamicapp/staMeta?station_id=294,2009,2022,event,,DELTA,SOLANO,,HUN,-122.0527,38.156,,,logger,yes,
CDEC,https://cdec.water.ca.gov/dynamicapp/staMeta?station_id=295,2009,2022,event,,SACRAMENTO R,SOLANO,,HWB,-121.6308,38.2917,,,logger,yes,
CDEC,https://cdec.water.ca.gov/dynamicapp/staMeta?station_id=296,2004,2022,hourly,,DELTA,SOLANO,,IBS,-122.113,38.157,,,logger,yes,
CDEC,https://cdec.water.ca.gov/dynamicapp/staMeta?station_id=297,1996,2022,hourly,,SACRAMENTO R,SHASTA,,IGO,-122.524178,40.513206,,,logger,yes,
CDEC,https://cdec.water.ca.gov/dynamicapp/staMeta?station_id=298,2005,2022,event,,SAN JOAQUIN R,STANISLAUS,,ING,-121.2251,37.6002,,,logger,yes,
CDEC,https://cdec.water.ca.gov/dynamicapp/staMeta?station_id=299,1999,2022,hourly,,DELTA,CONTRA COSTA,,JER,-121.688971,38.052155,,,logger,yes,
CDEC,https://cdec.water.ca.gov/dynamicapp/staMeta?station_id=300,2013,2022,daily,,DELTA,CONTRA COSTA,,JER,-121.688971,38.052155,,,logger,yes,
CDEC,https://cdec.water.ca.gov/dynamicapp/staMeta?station_id=301,1994,2022,hourly,,SACRAMENTO R,TEHAMA,,JLF,-122.1897,40.3172,,,logger,yes,
CDEC,https://cdec.water.ca.gov/dynamicapp/staMeta?station_id=302,2001,2011,hourly,,STANISLAUS R,SAN JOAQUIN,,JMP,-120.942,37.743,,,logger,yes,
CDEC,https://cdec.water.ca.gov/dynamicapp/staMeta?station_id=303,2014,2022,event,,KINGS R,FRESNO,,KBC,-118.77806,36.80889,,,logger,yes,
CDEC,https://cdec.water.ca.gov/dynamicapp/staMeta?station_id=304,2001,2011,hourly,,STANISLAUS R,STANISLAUS,,KFS,-120.667,37.819,,,logger,yes,
CDEC,https://cdec.water.ca.gov/dynamicapp/staMeta?station_id=305,2005,2005,event,,KLAMATH R,DEL NORTE,,KKY,-123.9781,41.511,,,logger,yes,
CDEC,https://cdec.water.ca.gov/dynamicapp/staMeta?station_id=306,2019,2022,hourly,,KLAMATH R,DEL NORTE,,KNK,-123.979515,41.510956,,,logger,yes,
CDEC,https://cdec.water.ca.gov/dynamicapp/staMeta?station_id=307,2004,2022,event,,KLAMATH R,DEL NORTE,,KNK,-123.979515,41.510956,,,logger,yes,
CDEC,https://cdec.water.ca.gov/dynamicapp/staMeta?station_id=308,2014,2022,event,,FEATHER R,BUTTE,,KRG,-121.491214,39.531758,,,logger,yes,
CDEC,https://cdec.water.ca.gov/dynamicapp/staMeta?station_id=309,2014,2022,event,,KINGS R,FRESNO,,KRR,-118.616571,36.786958,,,logger,yes,
CDEC,https://cdec.water.ca.gov/dynamicapp/staMeta?station_id=310,2017,2022,event,,KINGS R,FRESNO,,KRT,-119.1408,36.8747,,,logger,yes,
CDEC,https://cdec.water.ca.gov/dynamicapp/staMeta?station_id=311,1989,2022,hourly,,SACRAMENTO R,SHASTA,,KWK,-122.444458,40.600983,,,logger,yes,
CDEC,https://cdec.water.ca.gov/dynamicapp/staMeta?station_id=312,2016,2022,event,,TRUCKEE R,NEVADA,,LAB,-120.084366,39.435741,,,logger,yes,
CDEC,https://cdec.water.ca.gov/dynamicapp/staMeta?station_id=313,1996,2022,hourly,,TRINITY R,TRINITY,,LFH,-122.793,40.727,,,logger,yes,
CDEC,https://cdec.water.ca.gov/dynamicapp/staMeta?station_id=314,2010,2022,event,,SACRAMENTO R,SOLANO,,LIB,-121.6849,38.2421,,,logger,yes,
CDEC,https://cdec.water.ca.gov/dynamicapp/staMeta?station_id=315,2008,2022,event,,SACRAMENTO R,YOLO,,LIS,-121.588226,38.474781,,,logger,yes,
CDEC,https://cdec.water.ca.gov/dynamicapp/staMeta?station_id=316,2006,2006,hourly,,AMERICAN R,EL DORADO,,LON,-120.323,38.983,,,logger,yes,
CDEC,https://cdec.water.ca.gov/dynamicapp/staMeta?station_id=317,2006,2022,daily,,AMERICAN R,EL DORADO,,LON,-120.323,38.983,,,logger,yes,
CDEC,https://cdec.water.ca.gov/dynamicapp/staMeta?station_id=318,2009,2022,event,,SAN JOAQUIN R,SAN JOAQUIN,,LPS,-121.4961,38.0964,,,logger,yes,
CDEC,https://cdec.water.ca.gov/dynamicapp/staMeta?station_id=319,2016,2022,event,,TRUCKEE R,NEVADA,,LTK,-120.095474,39.386852,,,logger,yes,
CDEC,https://cdec.water.ca.gov/dynamicapp/staMeta?station_id=320,1990,2022,daily,,TRINITY R,TRINITY,,LWS,-122.803635,40.719311,,,logger,yes,
CDEC,https://cdec.water.ca.gov/dynamicapp/staMeta?station_id=321,1990,2022,hourly,,TRINITY R,TRINITY,,LWS,-122.803635,40.719311,,,logger,yes,
CDEC,https://cdec.water.ca.gov/dynamicapp/staMeta?station_id=322,2021,2022,event,,SACRAMENTO R,SOLANO,,M13,-121.767288,38.077808,,,logger,yes,
CDEC,https://cdec.water.ca.gov/dynamicapp/staMeta?station_id=323,2004,2011,hourly,,MERCED R,MERCED,,M59,-120.50275,37.4697,,,logger,yes,
CDEC,https://cdec.water.ca.gov/dynamicapp/staMeta?station_id=324,2014,2022,event,,SAN JOAQUIN R,SAN JOAQUIN,,MAB,-121.472763,37.885181,,,logger,yes,
CDEC,https://cdec.water.ca.gov/dynamicapp/staMeta?station_id=325,1986,2022,hourly,,SACRAMENTO R,CONTRA COSTA,,MAL,-121.92009,38.042805,,,logger,yes,
CDEC,https://cdec.water.ca.gov/dynamicapp/staMeta?station_id=326,2005,2011,hourly,,MERCED R,MARIPOSA,,MBC,-120.02215,37.62078,,,logger,yes,
CDEC,https://cdec.water.ca.gov/dynamicapp/staMeta?station_id=327,2019,2022,event,,MERCED R,MARIPOSA,,MBG,-119.967757,37.604775,,,logger,yes,
CDEC,https://cdec.water.ca.gov/dynamicapp/staMeta?station_id=328,1998,2022,hourly,,SACRAMENTO R,TEHAMA,,MCH,-122.10463,40.040058,,,logger,yes,
CDEC,https://cdec.water.ca.gov/dynamicapp/staMeta?station_id=329,2006,2006,hourly,,MOKELUMNE R,AMADOR,,MDL,-120.14,38.615,,,logger,yes,
CDEC,https://cdec.water.ca.gov/dynamicapp/staMeta?station_id=330,2005,2010,daily,,MOKELUMNE R,AMADOR,,MDL,-120.14,38.615,,,logger,yes,
CDEC,https://cdec.water.ca.gov/dynamicapp/staMeta?station_id=331,2009,2022,event,,DELTA,SAN JOAQUIN,,MDM,-121.534,37.943,,,logger,yes,
CDEC,https://cdec.water.ca.gov/dynamicapp/staMeta?station_id=332,2016,2022,hourly,,DELTA,SAN JOAQUIN,,MDM,-121.534,37.943,,,logger,yes,
CDEC,https://cdec.water.ca.gov/dynamicapp/staMeta?station_id=333,2004,2011,hourly,,MERCED R,MERCED,,MGS,-120.4524,37.50383,,,logger,yes,
CDEC,https://cdec.water.ca.gov/dynamicapp/staMeta?station_id=334,2007,2011,hourly,,MERCED R,MERCED,,MHA,-120.83588,37.3708,,,logger,yes,
CDEC,https://cdec.water.ca.gov/dynamicapp/staMeta?station_id=335,2010,2022,event,,DELTA,SAN JOAQUIN,,MHO,-121.383306,37.876222,,,logger,yes,
CDEC,https://cdec.water.ca.gov/dynamicapp/staMeta?station_id=336,2006,2010,event,,SAN JOAQUIN R,SAN JOAQUIN,,MHR,-121.384,37.877,,,logger,yes,
CDEC,https://cdec.water.ca.gov/dynamicapp/staMeta?station_id=337,2004,2011,hourly,,MERCED R,MERCED,,MHT,-120.37148,37.51459,,,logger,yes,
CDEC,https://cdec.water.ca.gov/dynamicapp/staMeta?station_id=338,2015,2022,event,,SACRAMENTO R,SOLANO,,MIR,-121.666055,38.236027,,,logger,yes,
CDEC,https://cdec.water.ca.gov/dynamicapp/staMeta?station_id=339,2014,2022,hourly,,MERCED R,MARIPOSA,,MLK,-119.4057,37.7386,,,logger,yes,
CDEC,https://cdec.water.ca.gov/dynamicapp/staMeta?station_id=340,1998,2022,hourly,,SACRAMENTO R,TEHAMA,,MLM,-122.024155,40.054604,,,logger,yes,
CDEC,https://cdec.water.ca.gov/dynamicapp/staMeta?station_id=341,2007,2011,hourly,,MERCED R,MARIPOSA,,MMS,-120.31111,37.52239,,,logger,yes,
CDEC,https://cdec.water.ca.gov/dynamicapp/staMeta?station_id=342,2007,2011,hourly,,MERCED R,MARIPOSA,,MNE,-120.2831,37.57927,,,logger,yes,
CDEC,https://cdec.water.ca.gov/dynamicapp/staMeta?station_id=343,2001,2022,daily,,TUOLUMNE R,STANISLAUS,,MOD,-120.987991,37.626877,,,logger,yes,
CDEC,https://cdec.water.ca.gov/dynamicapp/staMeta?station_id=344,2000,2006,hourly,,TUOLUMNE R,STANISLAUS,,MOD,-120.987991,37.626877,,,logger,yes,
CDEC,https://cdec.water.ca.gov/dynamicapp/staMeta?station_id=345,2008,2022,event,,MOKELUMNE R,SAN JOAQUIN,,MOK,-121.5711,38.1061,,,logger,yes,
CDEC,https://cdec.water.ca.gov/dynamicapp/staMeta?station_id=346,2010,2022,daily,,SAN JOAQUIN R,STANISLAUS,,MRB,-121.2276,37.6414,,,logger,yes,
CDEC,https://cdec.water.ca.gov/dynamicapp/staMeta?station_id=347,2006,2022,event,,SAN JOAQUIN R,STANISLAUS,,MRB,-121.2276,37.6414,,,logger,yes,
CDEC,https://cdec.water.ca.gov/dynamicapp/staMeta?station_id=348,2001,2022,event,,MATTOLE R,HUMBOLDT,,MRE,-123.991425,40.139309,,,logger,yes,
CDEC,https://cdec.water.ca.gov/dynamicapp/staMeta?station_id=349,2013,2022,event,,SAN JOAQUIN R,SAN JOAQUIN,,MRU,-121.386,37.8339,,,logger,yes,
CDEC,https://cdec.water.ca.gov/dynamicapp/staMeta?station_id=350,2016,2022,event,,SAN JOAQUIN R,SAN JOAQUIN,,MRX,-121.467395,37.881415,,,logger,yes,
CDEC,https://cdec.water.ca.gov/dynamicapp/staMeta?station_id=351,2008,2022,event,,EAST BAY,CONTRA COSTA,,MRZ,-122.140488,38.027637,,,logger,yes,
CDEC,https://cdec.water.ca.gov/dynamicapp/staMeta?station_id=352,1994,2022,hourly,,EAST BAY,CONTRA COSTA,,MRZ,-122.140488,38.027637,,,logger,yes,
CDEC,https://cdec.water.ca.gov/dynamicapp/staMeta?station_id=353,2010,2022,daily,,SAN JOAQUIN R,SAN JOAQUIN,,MSD,-121.306,37.786,,,logger,yes,
CDEC,https://cdec.water.ca.gov/dynamicapp/staMeta?station_id=354,2008,2022,event,,SAN JOAQUIN R,SAN JOAQUIN,,MSD,-121.306,37.786,,,logger,yes,
CDEC,https://cdec.water.ca.gov/dynamicapp/staMeta?station_id=355,2002,2022,hourly,,SAN JOAQUIN R,SAN JOAQUIN,,MSD,-121.306,37.786,,,logger,yes,
CDEC,https://cdec.water.ca.gov/dynamicapp/staMeta?station_id=356,2005,2011,hourly,,MERCED R,MERCED,,MSF,-120.65454,37.43362,,,logger,yes,
CDEC,https://cdec.water.ca.gov/dynamicapp/staMeta?station_id=357,2004,2022,daily,,SAN JOAQUIN R,MERCED,,MSG,-120.9056,37.2625,,,logger,yes,
CDEC,https://cdec.water.ca.gov/dynamicapp/staMeta?station_id=358,2007,2009,hourly,,MERCED R,MERCED,,MSJ,-120.97183,37.3476,,,logger,yes,
CDEC,https://cdec.water.ca.gov/dynamicapp/staMeta?station_id=359,2009,2022,event,,DELTA,SOLANO,,MSL,-121.8872,38.0934,,,logger,yes,
CDEC,https://cdec.water.ca.gov/dynamicapp/staMeta?station_id=360,2009,2022,hourly,,DELTA,SOLANO,,MSL,-121.8872,38.0934,,,logger,yes,
CDEC,https://cdec.water.ca.gov/dynamicapp/staMeta?station_id=361,1989,2022,hourly,,MC CLOUD R,SHASTA,,MSS,-122.219,40.958,,,logger,yes,
CDEC,https://cdec.water.ca.gov/dynamicapp/staMeta?station_id=362,2000,2012,hourly,,MERCED R,MERCED,,MST,-120.931,37.371,,,logger,yes,
CDEC,https://cdec.water.ca.gov/dynamicapp/staMeta?station_id=363,2000,2012,daily,,MERCED R,MERCED,,MST,-120.931,37.371,,,logger,yes,
CDEC,https://cdec.water.ca.gov/dynamicapp/staMeta?station_id=364,2002,2022,event,,SAN JOAQUIN R,SAN JOAQUIN,,MTB,-121.456,37.881,,,logger,yes,
CDEC,https://cdec.water.ca.gov/dynamicapp/staMeta?station_id=365,2000,2002,hourly,,SAN JOAQUIN R,SAN JOAQUIN,,MTB,-121.456,37.881,,,logger,yes,
CDEC,https://cdec.water.ca.gov/dynamicapp/staMeta?station_id=366,2010,2016,hourly,,TRUCKEE R,NEVADA,,MTK,-120.117699,39.328796,,,logger,yes,
CDEC,https://cdec.water.ca.gov/dynamicapp/staMeta?station_id=367,2004,2022,event,,TRUCKEE R,NEVADA,,MTK,-120.117699,39.328796,,,logger,yes,
CDEC,https://cdec.water.ca.gov/dynamicapp/staMeta?station_id=368,2010,2018,event,,SAN JOAQUIN R,SAN JOAQUIN,,MUP,-121.488361,37.890778,,,logger,yes,
CDEC,https://cdec.water.ca.gov/dynamicapp/staMeta?station_id=369,2012,2017,event,,SAN JOAQUIN R,MERCED,,MWR,-120.652117,37.177254,,,logger,yes,
CDEC,https://cdec.water.ca.gov/dynamicapp/staMeta?station_id=370,1999,2022,event,,AMERICAN R,PLACER,,NFA,-121.057,38.852,,,logger,yes,
CDEC,https://cdec.water.ca.gov/dynamicapp/staMeta?station_id=371,2002,2004,hourly,,GUALALA R,MENDOCINO,,NFG,-123.502,38.785,,,logger,yes,
CDEC,https://cdec.water.ca.gov/dynamicapp/staMeta?station_id=372,2005,2022,hourly,,TRINITY R,TRINITY,,NFH,-123.114479,40.766533,,,logger,yes,
CDEC,https://cdec.water.ca.gov/dynamicapp/staMeta?station_id=373,2010,2015,event,,CALAVERAS R,CALAVERAS,,NGQ,-120.8239,38.1481,,,logger,yes,
CDEC,https://cdec.water.ca.gov/dynamicapp/staMeta?station_id=374,2010,2017,event,,MOKELUMNE R,SAN JOAQUIN,,NMR,-121.5071,38.2232,,,logger,yes,
CDEC,https://cdec.water.ca.gov/dynamicapp/staMeta?station_id=375,2001,2011,hourly,,STANISLAUS R,TUOLUMNE,,NMT,-120.532,37.946,,,logger,yes,
CDEC,https://cdec.water.ca.gov/dynamicapp/staMeta?station_id=376,2006,2022,event,,SANTA YNEZ R,SANTA BARBARA,,NRW,-120.424,34.637,,,logger,yes,
CDEC,https://cdec.water.ca.gov/dynamicapp/staMeta?station_id=377,2009,2022,event,,SACRAMENTO R,SOLANO,,NSL,-121.8881,38.1221,,,logger,yes,
CDEC,https://cdec.water.ca.gov/dynamicapp/staMeta?station_id=378,2005,2022,hourly,,SACRAMENTO R,SOLANO,,NSL,-121.8881,38.1221,,,logger,yes,
CDEC,https://cdec.water.ca.gov/dynamicapp/staMeta?station_id=379,2006,2022,event,,SAN JOAQUIN R,SAN JOAQUIN,,OAD,-121.542107,37.810322,,,logger,yes,
CDEC,https://cdec.water.ca.gov/dynamicapp/staMeta?station_id=380,2000,2022,daily,,STANISLAUS R,STANISLAUS,,OBB,-120.75,37.783,,,logger,yes,
CDEC,https://cdec.water.ca.gov/dynamicapp/staMeta?station_id=381,2000,2022,hourly,,STANISLAUS R,STANISLAUS,,OBB,-120.75,37.783,,,logger,yes,
CDEC,https://cdec.water.ca.gov/dynamicapp/staMeta?station_id=382,2006,2010,event,,SAN JOAQUIN R,SAN JOAQUIN,,OBD,-121.543938,37.810963,,,logger,yes,
CDEC,https://cdec.water.ca.gov/dynamicapp/staMeta?station_id=383,2008,2022,event,,DELTA,SAN JOAQUIN,,OBI,-121.57222,37.969368,,,logger,yes,
CDEC,https://cdec.water.ca.gov/dynamicapp/staMeta?station_id=384,2016,2022,hourly,,DELTA,SAN JOAQUIN,,OBI,-121.57222,37.969368,,,logger,yes,
CDEC,https://cdec.water.ca.gov/dynamicapp/staMeta?station_id=385,2001,2011,hourly,,STANISLAUS R,STANISLAUS,,OBS,-120.765,37.791,,,logger,yes,
CDEC,https://cdec.water.ca.gov/dynamicapp/staMeta?station_id=386,2004,2011,daily,,SAN JOAQUIN R,STANISLAUS,,OCL,-121.016045,37.413548,,,logger,yes,
CDEC,https://cdec.water.ca.gov/dynamicapp/staMeta?station_id=387,2009,2022,event,,DELTA,SAN JOAQUIN,,ODM,-121.542145,37.810295,,,logger,yes,
CDEC,https://cdec.water.ca.gov/dynamicapp/staMeta?station_id=388,1999,2022,event,,SAN JOAQUIN R,SAN JOAQUIN,,OH1,-121.331253,37.807552,,,logger,yes,
CDEC,https://cdec.water.ca.gov/dynamicapp/staMeta?station_id=389,1999,2012,hourly,,SAN JOAQUIN R,SAN JOAQUIN,,OH1,-121.331253,37.807552,,,logger,yes,
CDEC,https://cdec.water.ca.gov/dynamicapp/staMeta?station_id=390,2009,2022,event,,DELTA,CONTRA COSTA,,OH4,-121.569168,37.891109,,,logger,yes,
CDEC,https://cdec.water.ca.gov/dynamicapp/staMeta?station_id=391,2016,2022,hourly,,DELTA,CONTRA COSTA,,OH4,-121.569168,37.891109,,,logger,yes,
CDEC,https://cdec.water.ca.gov/dynamicapp/staMeta?station_id=392,2005,2022,event,,DELTA,SAN JOAQUIN,,OLD,-121.449562,37.80481,,,logger,yes,
CDEC,https://cdec.water.ca.gov/dynamicapp/staMeta?station_id=393,1999,2022,hourly,,SAN JOAQUIN R,MERCED,,ONI,-121.037378,37.090717,,,logger,yes,
CDEC,https://cdec.water.ca.gov/dynamicapp/staMeta?station_id=394,2001,2011,hourly,,STANISLAUS R,STANISLAUS,,ORA,-120.867,37.771,,,logger,yes,
CDEC,https://cdec.water.ca.gov/dynamicapp/staMeta?station_id=395,2019,2022,event,,FEATHER R,BUTTE,,ORF,-121.55,39.517,,,logger,yes,
CDEC,https://cdec.water.ca.gov/dynamicapp/staMeta?station_id=396,2011,2022,event,,SAN JOAQUIN R,CONTRA COSTA,,ORI,-121.5526,37.828,,,logger,yes,
CDEC,https://cdec.water.ca.gov/dynamicapp/staMeta?station_id=397,2015,2022,event,,SAN JOAQUIN R,SAN JOAQUIN,,ORM,-121.51738,37.79384,,,logger,yes,
CDEC,https://cdec.water.ca.gov/dynamicapp/staMeta?station_id=398,2006,2022,event,,SAN JOAQUIN R,SAN JOAQUIN,,ORQ,-121.5645,38.0272,,,logger,yes,
CDEC,https://cdec.water.ca.gov/dynamicapp/staMeta?station_id=399,2013,2022,event,,SAN JOAQUIN R,SAN JOAQUIN,,ORX,-121.386576,37.810997,,,logger,yes,
CDEC,https://cdec.water.ca.gov/dynamicapp/staMeta?station_id=400,2006,2022,event,,DELTA,SAN JOAQUIN,,OSJ,-121.5789,38.0711,,,logger,yes,
CDEC,https://cdec.water.ca.gov/dynamicapp/staMeta?station_id=401,2013,2022,event,,SHASTA R,SISKIYOU,,PBS,-122.43309,41.579342,,,logger,yes,
CDEC,https://cdec.water.ca.gov/dynamicapp/staMeta?station_id=402,2012,2022,event,,DELTA,SAN JOAQUIN,,PCO,-121.412306,37.801944,,,logger,yes,
CDEC,https://cdec.water.ca.gov/dynamicapp/staMeta?station_id=403,1999,2022,hourly,,DELTA,CONTRA COSTA,,PCT,-121.999971,38.056788,,,logger,yes,
CDEC,https://cdec.water.ca.gov/dynamicapp/staMeta?station_id=404,2014,2022,event,,SAN JOAQUIN R,SAN JOAQUIN,,PDC,-121.412256,37.80206,,,logger,yes,
CDEC,https://cdec.water.ca.gov/dynamicapp/staMeta?station_id=405,2014,2015,event,,SACRAMENTO R,SUTTER,,PM1,-121.634148,38.931854,,,logger,yes,
CDEC,https://cdec.water.ca.gov/dynamicapp/staMeta?station_id=406,1990,2022,hourly,,PIT R,SHASTA,,PMN,-122.016,40.843,,,logger,yes,
CDEC,https://cdec.water.ca.gov/dynamicapp/staMeta?station_id=407,1989,2022,hourly,,SAN JOAQUIN R,MERCED,,PPP,-121.1806,37.0619,,,logger,yes,
CDEC,https://cdec.water.ca.gov/dynamicapp/staMeta?station_id=408,1989,2022,daily,,SAN JOAQUIN R,MERCED,,PPP,-121.1806,37.0619,,,logger,yes,
CDEC,https://cdec.water.ca.gov/dynamicapp/staMeta?station_id=409,2006,2022,hourly,,DELTA,SAN JOAQUIN,,PPT,-121.562,38.066,,,logger,yes,
CDEC,https://cdec.water.ca.gov/dynamicapp/staMeta?station_id=410,1997,2022,event,,DELTA,SAN JOAQUIN,,PPT,-121.562,38.066,,,logger,yes,
CDEC,https://cdec.water.ca.gov/dynamicapp/staMeta?station_id=411,2020,2022,daily,,DELTA,SAN JOAQUIN,,PPT,-121.562,38.066,,,logger,yes,
CDEC,https://cdec.water.ca.gov/dynamicapp/staMeta?station_id=412,2006,2022,event,,SAN JOAQUIN R,SAN JOAQUIN,,PRI,-121.5572,38.0594,,,logger,yes,
CDEC,https://cdec.water.ca.gov/dynamicapp/staMeta?station_id=413,1989,1995,hourly,,KERN R,TULARE,,PSC,-118.35,35.967,,,logger,yes,
CDEC,https://cdec.water.ca.gov/dynamicapp/staMeta?station_id=414,1999,2022,daily,,KERN R,TULARE,,PSC,-118.35,35.967,,,logger,yes,
CDEC,https://cdec.water.ca.gov/dynamicapp/staMeta?station_id=415,1992,2005,hourly,,TRINITY R,TRINITY,,PTG,-123.116,40.766,,,logger,yes,
CDEC,https://cdec.water.ca.gov/dynamicapp/staMeta?station_id=416,2016,2022,event,,TRUCKEE R,NEVADA,,PTK,-120.131584,39.373241,,,logger,yes,
CDEC,https://cdec.water.ca.gov/dynamicapp/staMeta?station_id=417,1999,2022,hourly,,DELTA,CONTRA COSTA,,PTS,-121.892482,38.042975,,,logger,yes,
CDEC,https://cdec.water.ca.gov/dynamicapp/staMeta?station_id=418,2013,2022,event,,EEL R,MENDOCINO,,Q01,-123.326,39.37687,,,logger,yes,
CDEC,https://cdec.water.ca.gov/dynamicapp/staMeta?station_id=419,2013,2022,event,,EEL R,MENDOCINO,,Q03,-123.328,39.37711,,,logger,yes,
CDEC,https://cdec.water.ca.gov/dynamicapp/staMeta?station_id=420,2013,2022,event,,EEL R,MENDOCINO,,Q04,-123.342,39.39646,,,logger,yes,
CDEC,https://cdec.water.ca.gov/dynamicapp/staMeta?station_id=421,2013,2022,event,,EEL R,MENDOCINO,,Q05,-123.341,39.39896,,,logger,yes,
CDEC,https://cdec.water.ca.gov/dynamicapp/staMeta?station_id=422,2013,2022,event,,EEL R,MENDOCINO,,Q06,-123.343,39.40728,,,logger,yes,
CDEC,https://cdec.water.ca.gov/dynamicapp/staMeta?station_id=423,2013,2022,event,,EEL R,MENDOCINO,,Q07,-123.341,39.41096,,,logger,yes,
CDEC,https://cdec.water.ca.gov/dynamicapp/staMeta?station_id=424,2013,2022,event,,EEL R,MENDOCINO,,Q08,-123.34,39.40978,,,logger,yes,
CDEC,https://cdec.water.ca.gov/dynamicapp/staMeta?station_id=425,2013,2022,event,,EEL R,MENDOCINO,,Q09,-123.34,39.41096,,,logger,yes,
CDEC,https://cdec.water.ca.gov/dynamicapp/staMeta?station_id=426,2013,2022,event,,EEL R,MENDOCINO,,Q10,-123.341,39.41942,,,logger,yes,
CDEC,https://cdec.water.ca.gov/dynamicapp/staMeta?station_id=427,2013,2022,event,,EEL R,MENDOCINO,,Q11,-123.341,39.42124,,,logger,yes,
CDEC,https://cdec.water.ca.gov/dynamicapp/staMeta?station_id=428,2013,2022,event,,EEL R,MENDOCINO,,Q12,-123.341,39.41833,,,logger,yes,
CDEC,https://cdec.water.ca.gov/dynamicapp/staMeta?station_id=429,2013,2022,event,,EEL R,MENDOCINO,,Q13,-123.343,39.42057,,,logger,yes,
CDEC,https://cdec.water.ca.gov/dynamicapp/staMeta?station_id=430,2013,2022,event,,EEL R,MENDOCINO,,Q14,-123.344,39.4225,,,logger,yes,
CDEC,https://cdec.water.ca.gov/dynamicapp/staMeta?station_id=431,2013,2022,event,,EEL R,MENDOCINO,,Q15,-123.358,39.42767,,,logger,yes,
CDEC,https://cdec.water.ca.gov/dynamicapp/staMeta?station_id=432,2013,2022,event,,EEL R,MENDOCINO,,Q17,-123.355,39.43056,,,logger,yes,
CDEC,https://cdec.water.ca.gov/dynamicapp/staMeta?station_id=433,2009,2010,hourly,,SAN JOAQUIN R,MADERA,,R31,-120.4636,36.8901,,,logger,yes,
CDEC,https://cdec.water.ca.gov/dynamicapp/staMeta?station_id=434,2009,2022,hourly,,SAN JOAQUIN R,MADERA,,R37,-120.4076,36.8352,,,logger,yes,
CDEC,https://cdec.water.ca.gov/dynamicapp/staMeta?station_id=435,2001,2019,hourly,,TRINITY R,TRINITY,,RCL,-122.834,40.725,,,logger,yes,
CDEC,https://cdec.water.ca.gov/dynamicapp/staMeta?station_id=436,2011,2022,event,,SACRAMENTO R,YOLO,,RCS,-121.725349,38.793556,,,logger,yes,
CDEC,https://cdec.water.ca.gov/dynamicapp/staMeta?station_id=437,1989,2022,hourly,,SACRAMENTO R,TEHAMA,,RDB,-122.20195,40.154362,,,logger,yes,
CDEC,https://cdec.water.ca.gov/dynamicapp/staMeta?station_id=438,2002,2022,daily,,SACRAMENTO R,TEHAMA,,RDB,-122.20195,40.154362,,,logger,yes,
CDEC,https://cdec.water.ca.gov/dynamicapp/staMeta?station_id=439,2002,2003,event,,CARMEL R,MONTEREY,,RDR,-121.728,36.474,,,logger,yes,
CDEC,https://cdec.water.ca.gov/dynamicapp/staMeta?station_id=440,2011,2022,event,,STANISLAUS R,SAN JOAQUIN,,RIP,-121.110497,37.729652,,,logger,yes,
CDEC,https://cdec.water.ca.gov/dynamicapp/staMeta?station_id=441,1999,2022,hourly,,DELTA,SOLANO,,RIV,-121.684543,38.159203,,,logger,yes,
CDEC,https://cdec.water.ca.gov/dynamicapp/staMeta?station_id=442,2008,2021,hourly,,DELTA,SOLANO,,ROR,-121.8875,38.0931,,,logger,yes,
CDEC,https://cdec.water.ca.gov/dynamicapp/staMeta?station_id=443,1999,2022,hourly,,STANISLAUS R,SAN JOAQUIN,,RPN,-121.110135,37.729859,,,logger,yes,
CDEC,https://cdec.water.ca.gov/dynamicapp/staMeta?station_id=444,2004,2022,daily,,STANISLAUS R,SAN JOAQUIN,,RPN,-121.110135,37.729859,,,logger,yes,
CDEC,https://cdec.water.ca.gov/dynamicapp/staMeta?station_id=445,2004,2022,daily,,SAN JOAQUIN R,SAN JOAQUIN,,RRI,-121.365,37.963,,,logger,yes,
CDEC,https://cdec.water.ca.gov/dynamicapp/staMeta?station_id=446,2000,2022,event,,SAN JOAQUIN R,SAN JOAQUIN,,RRI,-121.365,37.963,,,logger,yes,
CDEC,https://cdec.water.ca.gov/dynamicapp/staMeta?station_id=447,2012,2022,event,,DELTA,CONTRA COSTA,,RSL,-121.637596,37.976311,,,logger,yes,
CDEC,https://cdec.water.ca.gov/dynamicapp/staMeta?station_id=448,2010,2022,daily,,SACRAMENTO R,SOLANO,,RVB,-121.686355,38.159737,,,logger,yes,
CDEC,https://cdec.water.ca.gov/dynamicapp/staMeta?station_id=449,2007,2022,hourly,,SACRAMENTO R,SOLANO,,RVB,-121.686355,38.159737,,,logger,yes,
CDEC,https://cdec.water.ca.gov/dynamicapp/staMeta?station_id=450,2015,2022,event,,DELTA,SOLANO,,RYC,-121.995878,38.083971,,,logger,yes,
CDEC,https://cdec.water.ca.gov/dynamicapp/staMeta?station_id=451,2018,2022,event,,CACHE CR,SOLANO,,RYF,-121.658005,38.193854,,,logger,yes,
CDEC,https://cdec.water.ca.gov/dynamicapp/staMeta?station_id=452,2009,2017,event,,SACRAMENTO R,SOLANO,,RYI,-121.6692,38.2128,,,logger,yes,
CDEC,https://cdec.water.ca.gov/dynamicapp/staMeta?station_id=453,2015,2022,hourly,,SACRAMENTO R,SHASTA,,SAC,-122.36983,40.59258,,,logger,yes,
CDEC,https://cdec.water.ca.gov/dynamicapp/staMeta?station_id=454,1999,2022,hourly,,DELTA,SAN JOAQUIN,,SAL,-121.591315,38.103301,,,logger,yes,
CDEC,https://cdec.water.ca.gov/dynamicapp/staMeta?station_id=455,2004,2022,daily,,SAN JOAQUIN R,STANISLAUS,,SCL,-121.013817,37.431881,,,logger,yes,
CDEC,https://cdec.water.ca.gov/dynamicapp/staMeta?station_id=456,2010,2022,event,,TULE R,TULARE,,SCQ,-118.9242,36.0567,,,logger,yes,
CDEC,https://cdec.water.ca.gov/dynamicapp/staMeta?station_id=457,2010,2022,event,,SACRAMENTO R,SOLANO,,SDI,-121.736,38.0934,,,logger,yes,
CDEC,https://cdec.water.ca.gov/dynamicapp/staMeta?station_id=458,2009,2022,daily,,SAN JOAQUIN R,FRESNO,,SDP,-120.5015,36.994,,,logger,yes,
CDEC,https://cdec.water.ca.gov/dynamicapp/staMeta?station_id=459,2008,2013,event,,KLAMATH R,SISKIYOU,,SFJ,-123.015038,41.64069,,,logger,yes,
CDEC,https://cdec.water.ca.gov/dynamicapp/staMeta?station_id=460,2014,2022,event,,SAN JOAQUIN R,SAN JOAQUIN,,SGA,-121.421495,37.79286,,,logger,yes,
CDEC,https://cdec.water.ca.gov/dynamicapp/staMeta?station_id=461,2019,2022,event,,SACRAMENTO R,SOLANO,,SGG,-121.693056,38.318333,,,logger,yes,
CDEC,https://cdec.water.ca.gov/dynamicapp/staMeta?station_id=462,1990,2022,hourly,,SACRAMENTO R,SHASTA,,SHD,-122.4253,40.7161,,,logger,yes,
CDEC,https://cdec.water.ca.gov/dynamicapp/staMeta?station_id=463,2009,2022,event,,SAN JOAQUIN R,MADERA,,SJB,-120.286,36.773,,,logger,yes,
CDEC,https://cdec.water.ca.gov/dynamicapp/staMeta?station_id=464,2018,2022,event,,SAN JOAQUIN R,SAN JOAQUIN,,SJC,-121.385717,37.980266,,,logger,yes,
CDEC,https://cdec.water.ca.gov/dynamicapp/staMeta?station_id=465,2013,2022,event,,SAN JOAQUIN R,SAN JOAQUIN,,SJD,-121.317724,37.822331,,,logger,yes,
CDEC,https://cdec.water.ca.gov/dynamicapp/staMeta?station_id=466,2004,2022,event,,SAN JOAQUIN R,FRESNO,,SJF,-119.724312,36.984394,,,logger,yes,
CDEC,https://cdec.water.ca.gov/dynamicapp/staMeta?station_id=467,2009,2022,event,,SAN JOAQUIN R,SAN JOAQUIN,,SJG,-121.329,37.935,,,logger,yes,
CDEC,https://cdec.water.ca.gov/dynamicapp/staMeta?station_id=468,2013,2022,daily,,SAN JOAQUIN R,CONTRA COSTA,,SJJ,-121.689,38.052,,,logger,yes,
CDEC,https://cdec.water.ca.gov/dynamicapp/staMeta?station_id=469,2009,2022,event,,SAN JOAQUIN R,CONTRA COSTA,,SJJ,-121.689,38.052,,,logger,yes,
CDEC,https://cdec.water.ca.gov/dynamicapp/staMeta?station_id=470,2006,2022,event,,SAN JOAQUIN R,SAN JOAQUIN,,SJL,-121.324036,37.81115,,,logger,yes,
CDEC,https://cdec.water.ca.gov/dynamicapp/staMeta?station_id=471,2004,2006,hourly,,SAN JOAQUIN R,SAN JOAQUIN,,SJL,-121.324036,37.81115,,,logger,yes,
CDEC,https://cdec.water.ca.gov/dynamicapp/staMeta?station_id=472,2000,2016,daily,,SAN JOAQUIN R,STANISLAUS,,SJP,-121.081,37.494,,,logger,yes,
CDEC,https://cdec.water.ca.gov/dynamicapp/staMeta?station_id=473,2000,2009,hourly,,SAN JOAQUIN R,STANISLAUS,,SJP,-121.081,37.494,,,logger,yes,
CDEC,https://cdec.water.ca.gov/dynamicapp/staMeta?station_id=474,2005,2022,event,,SAN JOAQUIN R,SAN JOAQUIN,,SJR,-121.26511,37.67929,,,logger,yes,
CDEC,https://cdec.water.ca.gov/dynamicapp/staMeta?station_id=475,2008,2008,hourly,,SAN JOAQUIN R,SAN JOAQUIN,,SJR,-121.26511,37.67929,,,logger,yes,
CDEC,https://cdec.water.ca.gov/dynamicapp/staMeta?station_id=476,2000,2022,daily,,SAN JOAQUIN R,MERCED,,SJS,-120.851,37.295,,,logger,yes,
CDEC,https://cdec.water.ca.gov/dynamicapp/staMeta?station_id=477,2010,2017,event,,MOKELUMNE R,SAN JOAQUIN,,SMR,-121.4911,38.2255,,,logger,yes,
CDEC,https://cdec.water.ca.gov/dynamicapp/staMeta?station_id=478,2005,2008,event,,SCOTT R,SISKIYOU,,SNB,-123.035027,41.775417,,,logger,yes,
CDEC,https://cdec.water.ca.gov/dynamicapp/staMeta?station_id=479,2009,2022,event,,DELTA,SOLANO,,SNC,-122.083,38.185,,,logger,yes,
CDEC,https://cdec.water.ca.gov/dynamicapp/staMeta?station_id=480,2007,2022,hourly,,DELTA,SOLANO,,SNC,-122.083,38.185,,,logger,yes,
CDEC,https://cdec.water.ca.gov/dynamicapp/staMeta?station_id=481,2015,2022,event,,SACRAMENTO R,SACRAMENTO,,SOI,-121.656863,38.17548,,,logger,yes,
CDEC,https://cdec.water.ca.gov/dynamicapp/staMeta?station_id=482,2001,2022,event,,STANISLAUS R,STANISLAUS,,SOK,-120.852,37.777,,,logger,yes,
CDEC,https://cdec.water.ca.gov/dynamicapp/staMeta?station_id=483,1999,2022,event,,SACRAMENTO R,SHASTA,,SP1,-122.424,40.718,,,logger,yes,
CDEC,https://cdec.water.ca.gov/dynamicapp/staMeta?station_id=484,1999,2022,event,,SACRAMENTO R,SHASTA,,SP2,-122.424,40.718,,,logger,yes,
CDEC,https://cdec.water.ca.gov/dynamicapp/staMeta?station_id=485,1999,2022,event,,SACRAMENTO R,SHASTA,,SP3,-122.424,40.718,,,logger,yes,
CDEC,https://cdec.water.ca.gov/dynamicapp/staMeta?station_id=486,1999,2022,event,,SACRAMENTO R,SHASTA,,SP4,-122.424,40.718,,,logger,yes,
CDEC,https://cdec.water.ca.gov/dynamicapp/staMeta?station_id=487,1999,2022,event,,SACRAMENTO R,SHASTA,,SP5,-122.424,40.718,,,logger,yes,
CDEC,https://cdec.water.ca.gov/dynamicapp/staMeta?station_id=488,1191,2021,hourly,,SACRAMENTO R,SHASTA,,SPP,-122.466,40.628,,,logger,yes,
CDEC,https://cdec.water.ca.gov/dynamicapp/staMeta?station_id=489,2013,2022,event,,SHASTA R,SISKIYOU,,SPU,-122.47111,41.61,,,logger,yes,
CDEC,https://cdec.water.ca.gov/dynamicapp/staMeta?station_id=490,2005,2013,event,,SHASTA R,SISKIYOU,,SRG,-122.452759,41.607727,,,logger,yes,
CDEC,https://cdec.water.ca.gov/dynamicapp/staMeta?station_id=491,2000,2022,daily,,SACRAMENTO R,SACRAMENTO,,SRH,-121.519958,38.367981,,,logger,yes,
CDEC,https://cdec.water.ca.gov/dynamicapp/staMeta?station_id=492,1998,2022,hourly,,SACRAMENTO R,SACRAMENTO,,SRH,-121.519958,38.367981,,,logger,yes,
CDEC,https://cdec.water.ca.gov/dynamicapp/staMeta?station_id=493,2004,2007,hourly,,STANISLAUS R,SAN JOAQUIN,,SRJ,-120.9713,37.7469,,,logger,yes,
CDEC,https://cdec.water.ca.gov/dynamicapp/staMeta?station_id=494,2006,2008,event,,SHASTA R,SISKIYOU,,SRM,-122.538078,41.70903,,,logger,yes,
CDEC,https://cdec.water.ca.gov/dynamicapp/staMeta?station_id=495,1999,2006,hourly,,SHASTA R,SISKIYOU,,SRM,-122.538078,41.70903,,,logger,yes,
CDEC,https://cdec.water.ca.gov/dynamicapp/staMeta?station_id=496,2009,2022,event,,SACRAMENTO R,SOLANO,,SRV,-121.686,38.16,,,logger,yes,
CDEC,https://cdec.water.ca.gov/dynamicapp/staMeta?station_id=497,2001,2011,hourly,,STANISLAUS R,TUOLUMNE,,SSC,-120.349,38.147,,,logger,yes,
CDEC,https://cdec.water.ca.gov/dynamicapp/staMeta?station_id=498,2001,2011,hourly,,STANISLAUS R,TUOLUMNE,,SSF,-120.354,38.066,,,logger,yes,
CDEC,https://cdec.water.ca.gov/dynamicapp/staMeta?station_id=499,2004,2022,daily,,SAN JOAQUIN R,MERCED,,SSH,-120.8511,37.2478,,,logger,yes,
CDEC,https://cdec.water.ca.gov/dynamicapp/staMeta?station_id=500,1994,2022,event,,SAN JOAQUIN R,MERCED,,SSH,-120.8511,37.2478,,,logger,yes,
CDEC,https://cdec.water.ca.gov/dynamicapp/staMeta?station_id=501,2015,2022,event,,SACRAMENTO R,SACRAMENTO,,SSI,-121.761736,38.074097,,,logger,yes,
CDEC,https://cdec.water.ca.gov/dynamicapp/staMeta?station_id=502,2014,2022,event,,SACRAMENTO R,SACRAMENTO,,SSS,-121.587,38.285,,,logger,yes,
CDEC,https://cdec.water.ca.gov/dynamicapp/staMeta?station_id=503,2018,2022,event,,MERCED R,MERCED,,ST3,-120.81444,37.33028,,,logger,yes,
CDEC,https://cdec.water.ca.gov/dynamicapp/staMeta?station_id=504,2014,2022,hourly,,STONY CR,GLENN,,STG,-122.533,39.583,,,logger,yes,
CDEC,https://cdec.water.ca.gov/dynamicapp/staMeta?station_id=505,1999,2022,hourly,,DELTA,SAN JOAQUIN,,STI,-121.498851,38.116919,,,logger,yes,
CDEC,https://cdec.water.ca.gov/dynamicapp/staMeta?station_id=506,2012,2022,event,,DELTA,SAN JOAQUIN,,SUR,-121.419333,37.78847,,,logger,yes,
CDEC,https://cdec.water.ca.gov/dynamicapp/staMeta?station_id=507,2014,2022,event,,SACRAMENTO R,SACRAMENTO,,SUT,-121.5772,38.3286,,,logger,yes,
CDEC,https://cdec.water.ca.gov/dynamicapp/staMeta?station_id=508,2010,2022,daily,,SAN JOAQUIN R,MERCED,,SWA,-120.587,37.11532,,,logger,yes,
CDEC,https://cdec.water.ca.gov/dynamicapp/staMeta?station_id=509,2015,2022,daily,,SACRAMENTO R,SACRAMENTO,,SXS,-121.637881,38.191267,,,logger,yes,
CDEC,https://cdec.water.ca.gov/dynamicapp/staMeta?station_id=510,2007,2022,event,,TUOLUMNE R,TUOLUMNE,,TAI,-119.947128,37.879368,,,logger,yes,
CDEC,https://cdec.water.ca.gov/dynamicapp/staMeta?station_id=511,2016,2022,event,,TRUCKEE R,NEVADA,,TBB,-120.0877,39.385185,,,logger,yes,
CDEC,https://cdec.water.ca.gov/dynamicapp/staMeta?station_id=512,2006,2022,event,,TUOLUMNE R,TUOLUMNE,,TBI,-119.970184,37.881592,,,logger,yes,
CDEC,https://cdec.water.ca.gov/dynamicapp/staMeta?station_id=513,2022,2022,hourly,,TUOLUMNE R,TUOLUMNE,,TBI,-119.970184,37.881592,,,logger,yes,
CDEC,https://cdec.water.ca.gov/dynamicapp/staMeta?station_id=514,2004,2007,hourly,,TUOLUMNE R,STANISLAUS,,TBS,-120.49465,37.65067,,,logger,yes,
CDEC,https://cdec.water.ca.gov/dynamicapp/staMeta?station_id=515,2007,2011,hourly,,TUOLUMNE R,STANISLAUS,,TCB,-121.0319,37.6098,,,logger,yes,
CDEC,https://cdec.water.ca.gov/dynamicapp/staMeta?station_id=516,2001,2011,hourly,,STANISLAUS R,TUOLUMNE,,TCN,-120.371,38.147,,,logger,yes,
CDEC,https://cdec.water.ca.gov/dynamicapp/staMeta?station_id=517,2001,2010,hourly,,STANISLAUS R,TUOLUMNE,,TDP,-120.605,37.876,,,logger,yes,
CDEC,https://cdec.water.ca.gov/dynamicapp/staMeta?station_id=518,2001,2002,hourly,,STANISLAUS R,TUOLUMNE,,TDS,-120.602,37.874,,,logger,yes,
CDEC,https://cdec.water.ca.gov/dynamicapp/staMeta?station_id=519,2010,2022,hourly,,DELTA,SOLANO,,TEA,-122.0872,38.1766,,,logger,yes,
CDEC,https://cdec.water.ca.gov/dynamicapp/staMeta?station_id=520,2007,2022,event,,TUOLUMNE R,TUOLUMNE,,TGC,-119.659897,37.916588,,,logger,yes,
CDEC,https://cdec.water.ca.gov/dynamicapp/staMeta?station_id=521,2007,2010,hourly,,TUOLUMNE R,STANISLAUS,,THB,-120.75928,37.63603,,,logger,yes,
CDEC,https://cdec.water.ca.gov/dynamicapp/staMeta?station_id=522,2004,2011,hourly,,TUOLUMNE R,STANISLAUS,,TLA,-120.44377,37.66942,,,logger,yes,
CDEC,https://cdec.water.ca.gov/dynamicapp/staMeta?station_id=523,2001,2019,hourly,,TRINITY R,TRINITY,,TLK,-122.919,40.673,,,logger,yes,
CDEC,https://cdec.water.ca.gov/dynamicapp/staMeta?station_id=524,2005,2011,hourly,,TUOLUMNE R,TUOLUMNE,,TLS,-120.05367,37.83612,,,logger,yes,
CDEC,https://cdec.water.ca.gov/dynamicapp/staMeta?station_id=525,2006,2022,event,,SACRAMENTO R,SACRAMENTO,,TMS,-121.7,38.106,,,logger,yes,
CDEC,https://cdec.water.ca.gov/dynamicapp/staMeta?station_id=526,2021,2022,event,,DELTA,YOLO,,TOE,-121.644722,38.349167,,,logger,yes,
CDEC,https://cdec.water.ca.gov/dynamicapp/staMeta?station_id=527,2004,2022,event,,SAN JOAQUIN R,SAN JOAQUIN,,TPI,-121.41851,37.7901,,,logger,yes,
CDEC,https://cdec.water.ca.gov/dynamicapp/staMeta?station_id=528,2010,2022,event,,TUOLUMNE R,TUOLUMNE,,TRH,-119.798233,37.93742,,,logger,yes,
CDEC,https://cdec.water.ca.gov/dynamicapp/staMeta?station_id=529,2006,2022,event,,SAN JOAQUIN R,SAN JOAQUIN,,TRN,-121.4542,37.9928,,,logger,yes,
CDEC,https://cdec.water.ca.gov/dynamicapp/staMeta?station_id=530,2005,2012,hourly,,TUOLUMNE R,STANISLAUS,,TSB,-121.13138,37.60273,,,logger,yes,
CDEC,https://cdec.water.ca.gov/dynamicapp/staMeta?station_id=531,2007,2011,hourly,,TUOLUMNE R,STANISLAUS,,TSF,-120.89874,37.62291,,,logger,yes,
CDEC,https://cdec.water.ca.gov/dynamicapp/staMeta?station_id=532,2013,2022,hourly,,SACRAMENTO R,SACRAMENTO,,TSL,-121.6861,38.1033,,,logger,yes,
CDEC,https://cdec.water.ca.gov/dynamicapp/staMeta?station_id=533,2008,2022,event,,SACRAMENTO R,SACRAMENTO,,TSL,-121.6861,38.1033,,,logger,yes,
CDEC,https://cdec.water.ca.gov/dynamicapp/staMeta?station_id=534,2007,2016,event,,TRUCKEE R,PLACER,,TTC,-120.144356,39.166294,,,logger,yes,
CDEC,https://cdec.water.ca.gov/dynamicapp/staMeta?station_id=535,1987,2002,daily,,SF BAY,SANTA CLARA,,TTK,-121.834,37.399,,,logger,yes,
CDEC,https://cdec.water.ca.gov/dynamicapp/staMeta?station_id=536,1987,2002,hourly,,SF BAY,SANTA CLARA,,TTK,-121.834,37.399,,,logger,yes,
CDEC,https://cdec.water.ca.gov/dynamicapp/staMeta?station_id=537,2004,2012,hourly,,TUOLUMNE R,STANISLAUS,,TTS,-120.5829,37.63153,,,logger,yes,
CDEC,https://cdec.water.ca.gov/dynamicapp/staMeta?station_id=538,2003,2022,hourly,,TUOLUMNE R,TUOLUMNE,,TUM,-119.35,37.873,,,logger,yes,
CDEC,https://cdec.water.ca.gov/dynamicapp/staMeta?station_id=539,2011,2022,event,,SAN JOAQUIN R,SAN JOAQUIN,,TWA,-121.4574,37.8028,,,logger,yes,
CDEC,https://cdec.water.ca.gov/dynamicapp/staMeta?station_id=540,2015,2022,event,,SAN JOAQUIN R,SACRAMENTO,,TWI,-121.6691,38.0969,,,logger,yes,
CDEC,https://cdec.water.ca.gov/dynamicapp/staMeta?station_id=541,2013,2022,event,,TUOLUMNE R,TUOLUMNE,,UCC,-119.901417,38.031331,,,logger,yes,
CDEC,https://cdec.water.ca.gov/dynamicapp/staMeta?station_id=542,2013,2022,hourly,,TUOLUMNE R,TUOLUMNE,,UCC,-119.901417,38.031331,,,logger,yes,
CDEC,https://cdec.water.ca.gov/dynamicapp/staMeta?station_id=543,2019,2022,event,,SACRAMENTO R,SOLANO,,UCS,-121.709167,38.275556,,,logger,yes,
CDEC,https://cdec.water.ca.gov/dynamicapp/staMeta?station_id=544,2019,2022,event,,DELTA,SOLANO,,ULC,-121.759722,38.294167,,,logger,yes,
CDEC,https://cdec.water.ca.gov/dynamicapp/staMeta?station_id=545,1999,2022,hourly,,DELTA,SAN JOAQUIN,,UNI,-121.37499,37.822101,,,logger,yes,
CDEC,https://cdec.water.ca.gov/dynamicapp/staMeta?station_id=546,2006,2022,event,,DELTA,SAN JOAQUIN,,VCU,-121.5283,37.8717,,,logger,yes,
CDEC,https://cdec.water.ca.gov/dynamicapp/staMeta?station_id=547,1999,2022,hourly,,SAN JOAQUIN R,SAN JOAQUIN,,VER,-121.265002,37.679376,,,logger,yes,
CDEC,https://cdec.water.ca.gov/dynamicapp/staMeta?station_id=548,2004,2022,daily,,SAN JOAQUIN R,SAN JOAQUIN,,VER,-121.265002,37.679376,,,logger,yes,
CDEC,https://cdec.water.ca.gov/dynamicapp/staMeta?station_id=549,2010,2022,daily,,DELTA,SAN JOAQUIN,,VIC,-121.488324,37.890763,,,logger,yes,
CDEC,https://cdec.water.ca.gov/dynamicapp/staMeta?station_id=550,1999,2022,hourly,,DELTA,SAN JOAQUIN,,VIC,-121.488324,37.890763,,,logger,yes,
CDEC,https://cdec.water.ca.gov/dynamicapp/staMeta?station_id=551,1992,2007,hourly,,SAN JOAQUIN R,FRESNO,,VLC,-118.905037,37.387859,,,logger,yes,
CDEC,https://cdec.water.ca.gov/dynamicapp/staMeta?station_id=552,2009,2022,event,,DELTA,SOLANO,,VOL,-122.046,38.181,,,logger,yes,
CDEC,https://cdec.water.ca.gov/dynamicapp/staMeta?station_id=553,2000,2022,hourly,,DELTA,SOLANO,,VOL,-122.046,38.181,,,logger,yes,
CDEC,https://cdec.water.ca.gov/dynamicapp/staMeta?station_id=554,2008,2017,event,,SACRAMENTO R,SUTTER,,VON,-121.598068,38.774155,,,logger,yes,
CDEC,https://cdec.water.ca.gov/dynamicapp/staMeta?station_id=555,2002,2022,daily,,SF BAY,ALAMEDA,,VSB,-121.8193,37.5985,,,logger,yes,
CDEC,https://cdec.water.ca.gov/dynamicapp/staMeta?station_id=556,2002,2022,hourly,,SF BAY,ALAMEDA,,VSB,-121.8193,37.5985,,,logger,yes,
CDEC,https://cdec.water.ca.gov/dynamicapp/staMeta?station_id=557,2016,2022,event,,RUSSIAN R,SONOMA,,W3B,-123.06781,38.430408,,,logger,yes,
CDEC,https://cdec.water.ca.gov/dynamicapp/staMeta?station_id=558,2010,2014,hourly,,SAN JOAQUIN R,MADERA,,W54,-120.3123,36.7826,,,logger,yes,
CDEC,https://cdec.water.ca.gov/dynamicapp/staMeta?station_id=559,2010,2021,hourly,,SAN JOAQUIN R,SAN JOAQUIN,,W75,-120.4707,36.9313,,,logger,yes,
CDEC,https://cdec.water.ca.gov/dynamicapp/staMeta?station_id=560,2010,2022,hourly,,SAN JOAQUIN R,FRESNO,,W89,-120.5444,37.028,,,logger,yes,
CDEC,https://cdec.water.ca.gov/dynamicapp/staMeta?station_id=561,2012,2017,hourly,,SAN JOAQUIN R,MERCED,,W90,-120.5848,37.1284,,,logger,yes,
CDEC,https://cdec.water.ca.gov/dynamicapp/staMeta?station_id=562,2010,2022,hourly,,SAN JOAQUIN R,MERCED,,W92,-120.5916,37.1045,,,logger,yes,
CDEC,https://cdec.water.ca.gov/dynamicapp/staMeta?station_id=563,2011,2022,event,,SAN JOAQUIN R,CONTRA COSTA,,WCI,-121.554,37.8316,,,logger,yes,
CDEC,https://cdec.water.ca.gov/dynamicapp/staMeta?station_id=564,2012,2022,event,,SACRAMENTO R,SUTTER,,WLK,-121.824692,39.009895,,,logger,yes,
CDEC,https://cdec.water.ca.gov/dynamicapp/staMeta?station_id=565,1997,2007,hourly,,TRINITY R,HUMBOLDT,,WPC,-123.706,41.179,,,logger,yes,
CDEC,https://cdec.water.ca.gov/dynamicapp/staMeta?station_id=566,2010,2022,event,,RUSSIAN R,SONOMA,,WRM,-122.9994,38.7197,,,logger,yes,
CDEC,https://cdec.water.ca.gov/dynamicapp/staMeta?station_id=567,2005,2005,event,,KLAMATH R,HUMBOLDT,,WTP,-123.701,41.1862,,,logger,yes,
CDEC,https://cdec.water.ca.gov/dynamicapp/staMeta?station_id=568,2000,2005,hourly,,TRINITY R,TRINITY,,WVC,-122.93425,40.685478,,,logger,yes,
CDEC,https://cdec.water.ca.gov/dynamicapp/staMeta?station_id=569,2001,2017,hourly,,YUBA R,YUBA,,YRS,-121.274124,39.235172,,,logger,yes,
